fecha,maquina,unidades_producidas,unidades_defectuosas,temperatura_c
2026-09-01,M-01,1014,19,33.2
2026-09-01,M-02,1105,17,32.3
2026-09-01,M-03,893,56,37.4
2026-09-02,M-01,962,17,31.1
2026-09-02,m-02,973,6,31.4
2026-09-02,M-03,961,48,36.2
2026-09-03,M-01,1094,31,33.8
2026-09-03,M-02,1056,16,33.1
2026-09-03,M-03,834,51,39.4
2026-09-04,M-01,870,16,
2026-09-04,M-02,1014,12,31.0
2026-09-04,M-03,1072,59,36.3
2026-09-05,M-01,954,11,32.4
2026-09-05,M-02,1030,14,29.9
2026-09-05, M-03,1075,62,39.2
2026-09-06,M-01,1042,26,32.8
2026-09-06,M-02,1053,12,32.6
2026-09-06,M-03,918,52,36.7
2026-09-07,M-01,11600,31,33.0
2026-09-07,M-02,954,8,31.2
2026-09-07,M-03,1052,78,36.2
2026-09-08,M01,921,9,34.2
2026-09-08,M-02,1014,16,33.0
2026-09-08,M-03,1103,45,38.8
2026-09-09,M-01,1010,13,34.4
2026-09-09,M-02,973,25,30.4
2026-09-09,M-02,973,25,30.4
2026-09-09,M-03,931,53,37.7
2026-09-10,M-01,975,11,33.9
2026-09-10,M-02,1125,-4,31.6
2026-09-10,M-03,1099,63,38.3
2026-09-11,M-01,985,17,32.1
2026-09-11,M-02,1015,8,31.7
2026-09-11,m-03,788,44,36.2
2026-09-12,M-01,1050,16,32.7
2026-09-12,M-02,1016,7,31.4
2026-09-12,M-03,933,56,37.1
2026-09-13,M-01,903,24,31.8
2026-09-13,M-02,927,0,
2026-09-13,M-03,827,51,36.1
2026-09-14,M-01,1083,33,32.3
2026-09-14,M-01,1083,33,32.3
2026-09-14,M-02,935,18,30.3
2026-09-14,M-03,934,55,36.0
2026-09-15,M-01,1117,28,35.3
2026-09-15,M-02,1009,22,31.1
2026-09-15,M-03,1098,70,35.3